*time,DMM,FKN,Damage,Plasticity
0.0,0.0,0.0,0.0,0.0
1.1031392205e-05,4.12224807178e-07,0.0,0.0,0.0
2.20627844101e-05,6.51606569591e-06,0.0,0.0,0.0
3.30941766151e-05,3.25876790157e-05,0.0,0.0,0.0
4.41255688202e-05,0.000101737845398,0.0,0.0,0.0
5.51569610252e-05,0.000245339673711,0.0,0.0,0.0
6.61883532302e-05,0.000502468377817,0.0,0.0,0.0
7.72197454353e-05,0.000919353100471,0.0,0.0,0.0
8.82511376403e-05,0.00154884078074,0.0,0.0,0.0
9.92825298454e-05,0.0024498726707,0.0,0.0,0.0
0.00011031392205,0.00368697126396,0.0,0.0,0.0
0.000121345314255,0.00532974256203,0.0,0.0,0.0
0.00013237670646,0.00745238550007,0.0,0.0,0.0
0.000143408105941,0.0101332189515,0.0,0.0,0.0
0.000154439490871,0.0134542165324,0.0,0.0,0.0
0.000165470890352,0.0175005570054,0.0,0.0,0.0
0.000176502275281,0.0223601814359,0.0,0.0,0.0
0.000187533674762,0.0281233713031,0.0,0.0,0.0
0.000198565059691,0.0348823256791,0.0,0.0,0.0
0.000209596459172,0.0427307672799,0.0,0.0,0.0
0.000220014990191,0.0512290261686,0.0,0.0,0.0
0.000231046389672,0.0614681094885,0.0,0.0,0.0
0.000242077774601,0.0730777680874,0.0,0.0,0.0
0.000253109174082,0.0861540064216,0.0,0.0,0.0
0.000264140573563,0.100792557001,0.0,0.0,0.0
0.000275477126706,0.117563791573,0.995907165527,0.0,0.0
0.000286046619294,0.13486687839,2.30015917969,0.0,0.0
0.000297202757793,0.154967471957,3.64611791992,0.0,0.0
0.000308358343318,0.177046403289,5.15539208984,0.0,0.0
0.000319513317663,0.201195895672,6.75490527344,0.0,0.0
0.000330080656568,0.226065844297,8.32205078125,0.0,0.0
0.000341417704476,0.254989773035,9.13678027344,0.0,9.60510940513e-05
0.000352230243152,0.284818381071,9.69650683594,0.0,0.000187658378212
0.000363221886801,0.317464113235,10.2220566406,0.0,0.000280783096957
0.000374253315385,0.352658569813,10.4915292969,0.0,0.0003742448864
0.00038528474397,0.390361249447,10.9496816406,0.0,0.000467706675842
0.000396316201659,0.430642008781,11.3449326172,0.0,0.000561168711862
0.000407347630244,0.47356697917,11.6706181641,0.0,0.000654630501305
0.000418379058829,0.519198536873,12.1352050781,0.0,0.000748092290747
0.000429410516517,0.567595124245,12.5611142578,0.0,0.000841554326767
0.000440441974206,0.618810772896,12.9617880859,0.0,0.000935016362786
0.000451473402791,0.672895550728,13.4167333984,0.0,0.00121735675194
0.000462478841655,0.729756891727,15.7329560547,0.0,0.00149903195546
0.000473037187476,0.787072777748,20.9354277344,0.0,0.00176926417832
0.000484184129164,0.850557088852,26.02790625,0.0,0.00205456103084
0.00049533136189,0.917129576206,29.1739238281,0.0,0.00233986533224
0.000506070326082,0.984208345413,29.3550839844,0.0,0.00261472033456
0.000517557607964,1.05918455124,30.6269707031,0.0,0.00290872791587
0.000528589065652,1.13433814049,31.6919042969,0.0,0.00319106904992
0.000539007654879,1.20816445351,32.43925,0.0,0.0034577243171
0.000550039112568,1.28935575485,33.4059335937,0.0,0.00374006545115
0.000561497930903,1.37698698044,39.5373632813,0.0,0.00465563311814
0.000572414370254,1.46358954906,41.6308515625,0.0,0.00552786432174
0.000583224813454,1.55234384537,44.8449765625,0.0,0.00639162635816
0.000594035431277,1.6440653801,47.1480546875,0.0,0.00725540234707
0.000605415203609,1.74380171299,48.49421875,0.0,0.00816465418263
0.000616226170678,1.841558218,50.070296875,0.0,0.00902845807654
0.00062703731237,1.94221842289,51.0911796875,0.0,0.00989227592295
0.000638417433947,2.05127835274,58.7209375,0.0,0.0108015556635
0.00064922880847,2.15779852867,60.9043125,0.0,0.0116653921133
0.000660040066577,2.26711416245,64.5844609375,0.0,0.0125292192613
0.000671420013532,2.38515400887,65.5901796875,0.0,0.0144609941978
0.000682230922394,2.50006723404,67.72528125,0.0,0.0162961734709
0.000693041773047,2.61763238907,69.7106171875,0.0,0.0181313428631
0.00070442177821,2.74419188499,78.597578125,0.0,0.0200631276805
0.000715233385563,2.86703372002,79.97634375,0.0,0.0218984255243
0.000726044992916,2.99234938622,82.415953125,0.0,0.0237337233681
0.000737425638363,3.12685918808,83.82953125,0.0,0.0256656168754
0.000748237303924,3.25704145432,92.283265625,0.0,0.0275009246001
0.000759049318731,3.38949131966,91.767,0.0,0.0293362916103
0.000770477752667,3.53186821938,90.4778515625,0.0,0.0312762973352
0.000781290757004,3.66874527931,87.9853125,0.0,0.0333469070904
0.000792104227003,3.80765366554,89.9077421875,0.0,0.0354176060162
0.000803487608209,3.955981493,83.290671875,0.0,0.0375974386915
0.000814303290099,4.09881687164,78.030734375,0.0,0.039668561178
0.000825119321235,4.24342632294,73.3846171875,0.0,0.0417397505425
0.000836504332256,4.39745759964,77.421203125,0.0,0.0439198953151
0.000847320363391,4.54542207718,74.0078046875,0.0,0.0459910846796
0.000858136685565,4.69488859177,159.869265625,0.0,0.0480623297758
0.000869522220455,4.85374116898,157.147484375,0.0,0.0502425748654
0.000880340347067,5.00602626801,159.122921875,0.0,0.0523141654979
0.000891115167178,5.15891742706,164.028390625,0.0,0.058425273763
0.00090237549739,5.31989717484,164.23315625,0.0,0.064811746698
0.000913072552066,5.4738702774,165.152265625,0.0,0.0708787490767
0.000924332998693,5.63695669174,165.829453125,0.0,0.0772652880385
0.000935101008508,5.79378652573,168.565859375,0.0,0.0833725337372
0.000946385844145,5.95896959305,163.882234375,0.0,0.0897729053086
0.00095708318986,6.11624860764,162.420515625,0.0,0.0958400727542
0.000968343345448,6.28244829178,163.736359375,0.0,0.102226446649
0.000979040400125,6.44087076187,163.8981875,0.0,0.108293449028
0.000990300439298,6.60811567307,164.155109375,0.0,0.114679756896
0.00100100296549,6.7674665451,160.72690625,0.0,0.116327657849
0.00101238559,6.93728971481,158.27584375,0.0,0.118080275636
0.00102308450732,7.09717273712,154.98065625,0.0,0.11972762092
0.00103434419725,7.2656493187,147.28190625,0.0,0.12146131009
0.00104504078627,7.42585420609,132.580515625,0.0,0.123108296878
0.00105630047619,7.59460449219,116.694359375,0.0,0.124841986048
0.00106756016612,7.76343250275,107.978296875,0.0,0.126575675219
0.00107825710438,7.92386293411,105.603273437,0.0,0.128222715781
0.00108951725997,8.09275817871,104.904226562,0.0,0.129956476651
0.00110021443106,8.25321674347,100.836726563,0.0,0.131603553062
0.00111147470307,8.4221200943,97.54378125,0.0,0.132264556568
0.00112217245623,8.58258724213,94.5164609375,0.0,0.132892538943
0.00113353400957,8.75301074982,90.495828125,0.0,0.133559487893
0.0011442512041,8.91376781464,88.1042265625,0.0,0.13418861152
0.00115501414984,9.07521152496,87.4171015625,0.0,0.134820420847
0.0011663842015,9.24576377869,84.78665625,0.0,0.135487868667
0.00117720675189,9.40810108185,82.2554296875,0.0,0.136123176922
0.00118800613564,9.57009220123,81.9365703125,0.0,0.136757125242
0.00119930913206,9.73963737488,81.1036640625,0.0,0.137420636769
0.00121011841111,9.90177631378,79.67021875,0.0,0.138055165965
0.00122138345614,10.0707521439,79.567875,2.86304010383e-05,0.138222176638
0.00123208202422,10.2312297821,78.432578125,5.58210863558e-05,0.138380788969
0.0012433436932,10.4001550674,77.6520859375,8.44429070908e-05,0.13854774959
0.00125404226128,10.560634613,77.628171875,0.000111633592408,0.138706361921
0.00126530404668,10.7295608521,76.740703125,0.000140255709016,0.138873324268
0.00127600284759,10.8900432587,76.21140625,0.000167446986078,0.139031940051
0.00128726474941,11.058971405,76.6214140625,0.000196069398558,0.139198904124
0.00129852665123,11.2278995514,76.55134375,0.000224691811038,0.139365868196
0.00130922533572,11.3883800507,76.607921875,0.000251882792228,0.139524482253
0.00132048712112,11.5573062897,77.257125,0.000280504908836,0.1396914446
0.00133118580561,11.7177867889,76.6777265625,0.000307877205579,0.13977812354
0.00134244770743,11.886715889,77.19121875,0.000336690478717,0.139869365572
0.00135314662475,12.0471992493,77.4641953125,0.000364063371151,0.139956046398
0.00136440852657,12.2161273956,76.830046875,0.000392876644289,0.140047288429
0.0013752693776,12.3790397644,81.90796875,0.000420663839776,0.140135281215
0.00138608808629,12.5413217545,79.7980546875,0.000448343215201,0.14022293257
0.00139736873098,12.7105312347,75.7894296875,0.00047720444146,0.140314326454
0.0014084741706,12.8771123886,76.9399765625,0.000505617410283,0.140404300855
0.00141939264722,13.04088974,75.926328125,0.000533552039278,0.140492760513
0.00143012474291,13.2018718719,76.4641796875,0.000561009817672,0.140579710145
0.00144121528137,13.3682289124,75.9333515625,0.000617616874261,0.140678772494
0.00145213853102,13.532078743,76.237359375,0.000673370074423,0.140776340594
0.00146343326196,13.7014989853,76.20234375,0.000731019346861,0.140877226821
0.00147408782504,13.8613176346,75.935484375,0.000785401147833,0.140972394973
0.00148513773456,14.0270662308,75.1063203125,0.000841800830801,0.141071094418
0.00149608834181,14.1913251877,74.402265625,0.000897693666496,0.14116890688
0.0015074389521,14.3615837097,74.7206953125,0.000955628151937,0.14127029223
0.00151820294559,14.5230445862,74.486734375,0.00101056849504,0.14136643783
0.0015292451717,14.6886768341,71.292046875,0.00106692896122,0.141465068646
0.00154003861826,14.8505792618,72.1766328125,0.00112201963534,0.141561477326
0.00155140738934,15.0211114883,72.88446875,0.00114131867409,0.141826839109
0.00156235520262,15.1853275299,73.3396640625,0.0011599031166,0.142082375193
0.00157324504107,15.3486757278,72.6306875,0.00117838914404,0.14233655807
0.00158405501861,15.5108251572,79.219984375,0.00119673960371,0.142588876891
0.00159523787443,15.67856884,80.2673359375,0.00121572304229,0.142849899171
0.00160632201005,15.8448295593,79.7027265625,0.00123453889858,0.143108617195
0.00161730626132,16.0095939636,78.532765625,0.00125318519635,0.14336500379
0.00162819563411,16.1729335785,82.2110234375,0.0012716704333,0.143619175798
0.00163900351617,16.3350524902,79.232921875,0.00129001733581,0.143871445707
0.00165019941051,16.5029907227,76.1427109375,0.0013090229079,0.144132772324
0.00166130601428,16.6695899963,80.3736171875,0.00138458478578,0.144581420973
0.00167231122032,16.8346672058,85.816140625,0.00145945682145,0.145025973685
0.00168323994149,16.9986000061,89.179796875,0.00153380850542,0.145467436809
0.0016940938076,17.1614074707,86.6280703125,0.00160765092585,0.14590587618
0.00170531496406,17.3297252655,81.6151484375,0.00168399214326,0.146359152158
0.00171603320632,17.4904975891,76.253171875,0.00175691187004,0.146792113036
0.00172705703881,17.6558551788,83.5588828125,0.00183191062759,0.147237418159
0.00173841812648,17.8262710571,85.7217578125,0.00190920384308,0.147696346626
0.00174930307548,17.9895458221,83.4446640625,0.00198325773064,0.148136041584
0.00176014751196,18.1522140503,84.0605625,0.00205703599813,0.148574100047
0.00177137437277,18.3206157684,86.1600703125,0.00217631121268,0.148979635776
0.00178214802872,18.4822216034,86.1266328125,0.00229077153672,0.149368800878
0.00179329374805,18.6494045258,79.448421875,0.00240918469663,0.149771405622
0.00180440733675,18.8161087036,79.3141875,0.00252725649775,0.150172849745
0.00181510753464,18.9766139984,68.4439140625,0.00264093639644,0.150559361401
0.00182620796841,19.143119812,75.926453125,0.00275886843835,0.150960330343
0.00183729885612,19.3094844818,81.698390625,0.00287669906206,0.151360954464
0.00184812233783,19.4718341827,83.063421875,0.00299168873959,0.151751919368
0.0018591437256,19.6371574402,67.36478125,0.0031087809894,0.152150033017
0.00187015882693,19.8023815155,82.452734375,0.00322580645161,0.152547919589
0.00188107229769,19.966085434,86.43259375,0.00332333317189,0.152928738211
0.00189241382759,20.1362075806,90.185421875,0.00342468518339,0.153324493684
0.00190331938211,20.2997894287,97.062484375,0.00352214116127,0.153705036074
0.00191411399283,20.4617099762,105.8659375,0.00361860570523,0.15408170715
0.00192519987468,20.6279983521,115.469523438,0.00371767315336,0.154468541948
0.00193613162264,20.7919750214,110.677289062,0.00381536320536,0.154849998341
0.00194735452533,20.9603176117,105.632960938,0.0039156551212,0.155241614394
0.00195807800628,21.1211700439,95.7848828125,0.00401148402389,0.155615803442
0.00196910393424,21.2865581512,88.415703125,0.00411001570238,0.156000546187
0.00198002089746,21.4503116608,87.7227890625,0.00420757363254,0.156381486676
0.00199124449864,21.6186676025,90.8808359375,0.00422661786614,0.156929008392
0.00200238125399,21.7857189178,97.4009140625,0.00424551473953,0.157472293502
0.0020130481571,21.94572258,108.992507812,0.0042636143665,0.157992657777
0.00202405592427,22.1108398438,112.453421875,0.00428229237243,0.158529650448
0.0020350094419,22.2751407623,112.237835937,0.00430087832762,0.15906399666
0.00204629148357,22.4443721771,105.060820312,0.00432002172319,0.159614369282
0.00205713929608,22.607088089,104.399015625,0.00433842831768,0.160143558874
0.00206833425909,22.77501297,110.668421875,0.00435742395797,0.160689683532
0.00207910384052,22.9365577698,121.565765625,0.00437569780975,0.161215056771
0.00209023011848,23.1034526825,127.27115625,0.0043945769051,0.161757830762
0.0021013324149,23.2699871063,129.620953125,0.00442294568508,0.163422132521
0.0021120372694,23.4305591583,133.286625,0.00445029891461,0.16502685532
0.00212311861105,23.596780777,132.683859375,0.00447861415063,0.166688015833
0.00213419622742,23.7629432678,131.493828125,0.00450691986773,0.168348617903
0.00214526173659,23.9289264679,127.022945312,0.00453519464831,0.170007405031
0.00215631071478,24.0946617126,123.992328125,0.00456342718866,0.171663714064
0.00216734153219,24.2601222992,117.547648438,0.00459161332424,0.173317300685
0.00217836140655,24.4254207611,115.940882813,0.00461977149798,0.174969246878
0.0021893766243,24.5906505585,114.409539063,0.00464791777306,0.176620495016
0.00220000743866,24.7501106262,115.225789062,0.00467508181393,0.178214118747
0.00221101567149,24.9152336121,114.879492188,0.0046984698371,0.18003370695
0.00222202157602,25.080324173,115.532992187,0.00472185291356,0.181852910298
0.00223302398808,25.2453594208,115.667039062,0.00474522856997,0.183671536367
0.00224402430467,25.4103660583,117.139171875,0.00476859977434,0.185489816067
0.00225502601825,25.5753879547,116.005414062,0.00479197394673,0.187308326679
0.00226602843031,25.7404270172,114.93728125,0.00481534960314,0.189126952747
0.00227703084238,25.9054603577,113.344148437,0.00483872525954,0.190945578816
0.00228803185746,26.070476532,112.169570312,0.00486209794792,0.192763973972
0.00229903170839,26.2354755402,111.424867187,0.00488546816295,0.194582176701
0.00231003039517,26.4004573822,111.216546875,0.00490883590463,0.196400187003
0.0023210295476,26.5654449463,112.10853125,0.00490883590463,0.197881187876
0.00233203126118,26.73046875,112.340757813,0.00490883590463,0.199362533598
0.00234303437173,26.8955135345,111.862414062,0.00490883590463,0.20084406742
0.00235403864644,27.0605792999,110.117734375,0.00490883590463,0.202325757991
0.00236504524946,27.2256774902,108.593804687,0.00490883590463,0.203807762061
0.00237605324946,27.3907985687,106.336125,0.00490883590463,0.20528995423
0.00238706264645,27.5559387207,104.836367188,0.00490883590463,0.206772334499
0.00239807297476,27.7210960388,104.154234375,0.00490883590463,0.208254840167
0.00240908446722,27.886264801,102.735585938,0.00490883590463,0.209737502586
0.00242009619251,28.0514411926,101.089617187,0.00490883590463,0.211220196353
0.00243110861629,28.2166290283,99.3524140625,0.00490883590463,0.213233249879
0.00244212290272,28.3818435669,97.8021171875,0.00490883590463,0.215246643894
0.00245313928463,28.5470905304,95.4819140625,0.00490883590463,0.217260420958
0.00246415729634,28.7123603821,93.834953125,0.00490883590463,0.219274495949
0.0024751778692,28.8776683807,93.0654765625,0.00490883590463,0.221289039113
0.00248620123602,29.0430202484,91.2662421875,0.00490883590463,0.223304093009
0.00249722809531,29.2084197998,89.6307890625,0.00490883590463,0.225319785321
0.00250825821422,29.373872757,88.0885390625,0.00490883590463,0.227336073488
0.00251929042861,29.5393543243,86.3672265625,0.00490883590463,0.229352744705
0.00253032473847,29.704870224,85.530640625,0.00490883590463,0.231369798971
0.00254136091098,29.8704128265,84.8693203125,0.00490883590463,0.232922508645
0.00255201733671,30.0302600861,84.743890625,0.00490883590463,0.234421790692
0.00256305467337,30.1958198547,85.6927421875,0.00490883590463,0.235974664153
0.00257409224287,30.3613853455,86.9125703125,0.00490883590463,0.237527570372
0.00258513004519,30.5269489288,87.4571328125,0.00490883590463,0.239080509348
0.00259616714902,30.6925086975,88.291109375,0.00490883590463,0.240633350052
0.00260720378719,30.8580551147,88.9135625,0.00490883590463,0.242186125241
0.00261824019253,31.023601532,89.5315546875,0.00490883590463,0.243738867671
0.00262927613221,31.1891441345,90.272546875,0.00490883590463,0.245291544587
0.00264031277038,31.3546924591,90.648625,0.00490883590463,0.246844319776
0.00265135080554,31.5202636719,90.746296875,0.00492765148765,0.247719244386
0.00266201049089,31.6801567078,90.561734375,0.00494582213052,0.24856417928
0.002673052717,31.8457889557,90.0214921875,0.0049646448575,0.249439436084
0.00268409680575,32.0114517212,89.3997265625,0.00498347075956,0.25031484053
0.00269514252432,32.1771392822,88.79640625,0.00500229943983,0.251190374162
0.00270619057119,32.3428573608,88.39646875,0.00502113208896,0.252066092347
0.00271724048071,32.508605957,88.3490546875,0.00503996791318,0.252941958173
0.00272829178721,32.6743774414,88.414046875,0.00505880611871,0.253817934731
0.00273934472352,32.840171814,88.5558984375,0.00507764710245,0.254694040474
0.00275001698174,33.0002555847,88.3008203125,0.00509583917719,0.25553997195
0.00276107084937,33.1660614014,87.87375,0.00511459516876,0.256501216518
0.00277212494984,33.3318748474,87.0299609375,0.0051333515554,0.257462481333
0.0027831804473,33.4977073669,86.004828125,0.00515211031241,0.25842386763
0.0027942371089,33.6635551453,85.34603125,0.00517087104474,0.259385355162
0.00280529493466,33.8294258118,84.8368515625,0.00518963375238,0.260346943928
0.0028163541574,33.9953117371,84.7180078125,0.00520839883039,0.261308654176
0.00282703363337,34.155506134,84.742515625,0.00522651956132,0.262237341636
0.00283809634857,34.3214454651,84.53184375,0.00524529056527,0.263199355589
0.00284916115925,34.4874153137,83.96759375,0.00526406512479,0.264161551764
0.00286022759974,34.6534156799,82.9285625,0.00528284244974,0.265123889668
0.00287129613571,34.819442749,82.1640625,0.00530163909503,0.265730081479
0.00288236793131,34.9855194092,81.5819296875,0.00532044127583,0.266336451809
0.0028930620756,35.1459312439,80.996890625,0.00533860212723,0.266922139267
0.00290414411575,35.3121604919,80.657359375,0.00535742170538,0.267529070662
0.00291523314081,35.4784965515,80.331625,0.00537625314535,0.268136384602
0.00292632984929,35.644947052,80.30628125,0.00539509763334,0.268744119339
0.00293705053627,35.8057594299,80.50475,0.00541330355967,0.269331260463
0.00294815888628,35.9723815918,80.5788203125,0.00543216781737,0.269939632774
0.00295925070532,36.138759613,80.3727890625,0.00545100400208,0.270547099731
0.00297034578398,36.3051872253,79.965390625,0.0054698457223,0.271154745208
0.00298102921806,36.4654388428,79.6135,0.00548803873858,0.271600474107
0.00299210543744,36.6315803528,79.3899375,0.00550690063615,0.272062590597
0.00300320796669,36.798122406,79.571421875,0.00552580733728,0.272525804775
0.00301425647922,36.963848114,79.456609375,0.00554462205235,0.272986765294
0.00302537716925,37.130657196,79.232421875,0.00556355967982,0.273450737167
0.00303608574905,37.2912864685,78.5896484375,0.00558179551719,0.273897515183
0.00304718315601,37.4577484131,77.659328125,0.0056006934955,0.274360515651
0.00305825099349,37.6237640381,76.9269140625,0.00561954111938,0.274822282436
0.00306924339384,37.7886543274,76.28978125,0.00563826027998,0.275280901871
0.0030801591929,37.9523887634,75.5897421875,0.00565684899486,0.275736325386
0.0030910728965,38.1160926819,74.862015625,0.00574505924059,0.276061310502
0.00310236308724,38.285446167,74.465375,0.00583631245188,0.276397506543
0.00311327725649,38.4491615295,74.19284375,0.00592452646133,0.276722505525
0.0031241918914,38.6128768921,73.8936484375,0.0060127442345,0.277047518374
0.00313510652632,38.7765960693,73.4660703125,0.00610096200766,0.277372531222
0.00314602116123,38.9403190613,73.0130859375,0.00618917978083,0.277697544071
0.00315731251612,39.1096878052,73.1122890625,0.00628044240141,0.278033774778
0.00316822784953,39.2734184265,72.93428125,0.00636866582016,0.278358808426
0.00317914341576,39.4371490479,72.99834375,0.00645689112076,0.278683849007
0.00319005874917,39.6008834839,73.06209375,0.0065451145395,0.279008882655
0.00320135778747,39.7703666687,73.1227265625,0.00657874559844,0.279325975497
0.0032122801058,39.9342002869,72.5688515625,0.00661125536797,0.279632496181
0.00322320801206,40.0981178284,72.5433203125,0.00664378176973,0.279939173683
0.0032341342885,40.2620162964,72.201015625,0.00667630332043,0.280245805447
0.00324506196193,40.4259300232,71.83275,0.00670882902918,0.280552476415
0.00325635564514,40.5953369141,71.84328125,0.0067424441489,0.280869418973
0.00326726795174,40.7590179443,71.2113203125,0.00677492411902,0.281175658691
0.00327818049118,40.922706604,70.6523671875,0.00680740478216,0.281481904943
0.00328909349628,41.0864028931,69.9149609375,0.00683988683131,0.281788164264
0.00330000696704,41.2501029968,69.0460859375,0.00687237026648,0.282094436653
0.00331129692495,41.4194564819,68.7925078125,0.00693953182238,0.282257543288
0.0033222110942,41.5831680298,68.2548125,0.00700445789156,0.282415220885
0.00333312549628,41.7468833923,67.9579609375,0.00706938534579,0.282572901845
0.00334404711612,41.9107055664,67.3649609375,0.00713435573689,0.282730687081
0.00335535244085,42.0802841187,67.4068125,0.00720160870674,0.282894015722
0.00336629059166,42.2443580627,67.298734375,0.00726667743709,0.283052039781
0.00337722781114,42.408416748,66.5811875,0.0073317406272,0.283210050386
0.00338814966381,42.5722465515,66.70403125,0.00739671240335,0.283367838985
0.00339906802401,42.7360229492,66.20246875,0.00746166340361,0.283525577129
0.00341003132053,42.9004707336,66.2688125,0.00752688172043,0.283683964469
0.00342135177925,43.070274353,66.475,0.00757486455288,0.283947870048
0.0034323327709,43.2349891663,67.4824453125,0.0076214085221,0.284203861879
0.00344330817461,43.3996238708,65.9569921875,0.00766792880632,0.284459723442
0.00345432572067,43.5648841858,66.229875,0.00771462771485,0.284716567439
0.00346526922658,43.7290382385,65.7088046875,0.00776101279724,0.284971685392
0.00347621412948,43.8932113647,65.5582578125,0.00780740380088,0.285226835912
0.00348718208261,44.0577316284,65.375546875,0.00785389250512,0.285482523785
0.00349811045453,44.2216567993,65.4982421875,0.00790021344066,0.285737288931
0.00350902974606,44.3854446411,64.147484375,0.00794649588809,0.285991842391
0.00352032925002,44.55493927,63.0317695312,0.00799438990182,0.286255259467
0.00353124691173,44.7187004089,63.9917226562,0.00802229790956,0.286422707513
0.00354216666892,44.8824996948,62.4535859375,0.00805021127381,0.286590187699
0.00355309364386,45.0464057922,62.1936640625,0.00807814308826,0.286757778586
0.00356402178295,45.2103271484,61.5792382812,0.00810607787855,0.286925387327
0.0035753226839,45.3798408508,62.5645390625,0.00813496553229,0.28709871325
0.00358625128865,45.5437698364,62.4300546875,0.00816290151291,0.287266329134
0.00359716988169,45.7075500488,61.125515625,0.00819081190133,0.287433791464
0.00360809313133,45.8713951111,60.9771875,0.00821873419309,0.287601325215
0.00361901894212,46.0352859497,61.8174570313,0.0082466630317,0.287768898246
0.0036300632637,46.2009468079,62.1072539063,0.00827489481066,0.28793828892
0.00364113436081,46.3670158386,61.134015625,0.008307790361,0.28807926985
0.00365220801905,46.5331192017,60.945609375,0.00834069352124,0.288220283394
0.0036633303389,46.6999549866,61.8298984375,0.0083737412697,0.288361916602
0.00367437722161,46.8656578064,60.8148984375,0.00840656487183,0.288502589182
0.00368514936417,47.0272407532,60.6525507812,0.00843857213854,0.288639763182
0.00369622395374,47.193359375,60.7863046875,0.00847147806602,0.288780788586
0.00370733137242,47.3599700928,60.21184375,0.00850448153867,0.28892223204
0.00371803087182,47.5204620361,60.2106875,0.00853627296075,0.289058480992
0.00372908613645,47.6862945557,60.3007734375,0.00856912146803,0.289199260309
0.00374020216987,47.8530311584,59.6543867187,0.00860215053763,0.289340813464
0.00375121063553,48.018157959,59.2067773437,0.00862558299024,0.289453289237
0.00376217905432,48.1826858521,59.0520625,0.00864893019968,0.289565355842
0.00377315096557,48.3472671509,58.3481328125,0.00867228484312,0.289677458131
0.0037841477897,48.5122146606,58.393203125,0.00869569251573,0.289789814959
0.00379516067915,48.6774101257,58.2455078125,0.00871913438473,0.28990233593
0.00380613049492,48.8419570923,58.271015625,0.00874248456777,0.290014416809
0.00381711521186,49.006729126,58.3658242187,0.0087658664692,0.290126649936
0.00382809480652,49.171421051,58.1107890625,0.00878923746743,0.290238830727
0.00383906438947,49.3359680176,57.6952929688,0.00881258715487,0.290350909227
0.00385001883842,49.5002822876,57.8803164063,0.00883590462833,0.2904628331
0.00386100076139,49.6650123596,58.0280546875,0.00889177144491,0.290635089117
0.00387205532752,49.8308296204,57.6982851563,0.00894800780898,0.290808484573
0.00388304819353,49.9957237244,57.6779140625,0.00900393029457,0.290980912237
0.00389400357381,50.1600532532,57.1900898438,0.00905966208417,0.291152751922
0.00390537409112,50.3306083679,57.15734375,0.00911750574296,0.291331103203
0.00391634134576,50.4951171875,56.735796875,0.00917329793937,0.291503129142
0.00392734119669,50.6601142883,56.5956132813,0.00922925595837,0.291675666367
0.0039380020462,50.8200263977,56.9692929687,0.00928348942239,0.291842886215
0.00394936883822,50.9905357361,56.9457382813,0.00934131413003,0.292021179063
0.0039602983743,51.1544799805,56.2034726562,0.009396914446,0.292192613371
0.00397129915655,51.3194885254,56.446109375,0.00942971457707,0.292412842822
0.00398220680654,51.4831047058,55.9702617188,0.00946223702333,0.292631207818
0.00399314146489,51.6471252441,55.231890625,0.00949483999817,0.292850113507
0.00400407472625,51.8111228943,55.3372539062,0.00952743880775,0.293068991228
0.00401536561549,51.9804878235,55.5007382813,0.00956110392704,0.293295028458
0.00402626022696,52.143901825,55.1045351563,0.00959358749742,0.29351313243
0.0040371818468,52.307723999,54.5631171875,0.00962615159639,0.293731777095
0.00404815096408,52.4722671509,54.6299492187,0.00965885731462,0.293951372631
0.00405910005793,52.6364974976,54.2160742188,0.00969150333062,0.29417056731
0.0040700561367,52.8008460999,54.5187460938,0.00972417017298,0.294389901823
0.00408137217164,52.9705810547,54.1468359375,0.00975782716103,0.294538954199
0.0040923259221,53.1348876953,54.2634882812,0.00979040661578,0.294683234641
0.00410331459716,53.2997169495,53.7190664063,0.00982308994585,0.294827975103
0.0041142553091,53.4638252258,54.456359375,0.00985563062048,0.294972083805
0.00412521325052,53.6281967163,54.673625,0.00988822254027,0.29511641945
0.00413622008637,53.7933044434,54.384625,0.0099209598855,0.295261399122
0.00414720224217,53.9580345154,53.8791992188,0.00995362382551,0.295406053713
0.00415814155713,54.1221237183,54.2711132813,0.00998616034513,0.295550144014
0.00416909903288,54.2864875793,54.6965195312,0.0100187508799,0.295694473525
0.00418008491397,54.4512710571,53.7652851563,0.0100514259,0.295839177186
0.00419103261083,54.6154899597,53.3108476562,0.0100653543983,0.295964533671
0.00420200405642,54.7800636292,53.371046875,0.0100793131116,0.296090162091
0.00421331776306,54.9497680664,52.8686523438,0.0100937072757,0.296219709567
0.00422427384183,55.1141090393,52.6178203125,0.0101076464381,0.296345162029
0.00423521967605,55.2782936096,52.4629726563,0.0101215725667,0.296470497186
0.00424614967778,55.4422454834,52.631765625,0.010135478552,0.296595651054
0.00425713928416,55.6070899963,53.2701914062,0.0101494603708,0.296721487423
0.00426809862256,55.7714805603,53.2006757812,0.0101634036804,0.29684697721
0.00427906028926,55.9359016418,54.1869101563,0.0101773499523,0.296972493657
0.0042903223075,56.1048355103,54.9018085937,0.0101916783544,0.297101449275
0.0043012117967,56.2681732178,53.3125429688,0.0102612432433,0.297254492031
0.00431209849194,56.431476593,54.360640625,0.0103307902837,0.29740749552
0.00432300986722,56.5951499939,53.6925078125,0.0104004949867,0.297560845866
0.00433433102444,56.7649650574,54.8668085938,0.0104728174832,0.297719955359
0.00434524472803,56.9286689758,55.0764882813,0.01054253706,0.297873338428
0.00435613933951,57.0920906067,54.6589765625,0.0106121346714,0.298026453173
0.00436703395098,57.2555122375,54.1524609375,0.0106817322828,0.298179567918
0.00437830854207,57.4246292114,53.7804882813,0.0107537573027,0.298338022962
0.00438920548186,57.5880813599,54.6136757813,0.010823369788,0.298491170429
0.00440009590238,57.7514343262,53.920625,0.0108929406265,0.298644226274
0.00441136583686,57.9204902649,54.6585546875,0.0109025271862,0.298864717148
0.00442227208987,58.0840797424,53.7000742187,0.0109118043871,0.299078092768
0.00443317461759,58.2476196289,54.9567578125,0.0109210784191,0.299291395505
0.00444407667965,58.411151886,55.4093632813,0.0109303520551,0.299504689132
0.00445535965264,58.5803947449,56.2576757813,0.0109399497058,0.299725435098
0.00446629943326,58.7444915771,59.9597929688,0.0109492554263,0.29993946667
0.00447724014521,58.9085998535,64.3118789063,0.010958561939,0.300153516463
0.00448813429102,59.0720176697,65.569,0.0109678288412,0.300366655212
0.00449906243011,59.2359352112,65.3406835938,0.010977124659,0.300580459023
0.00451001618057,59.4002456665,65.5349296875,0.0109864422627,0.300794763908
0.00452132616192,59.5698928833,66.0697109375,0.0110008433062,0.301145189298
0.0045322207734,59.7333068848,67.826078125,0.0110147154575,0.301482744981
0.00454318663105,59.8977966309,67.8391484375,0.0110286783269,0.301822508136
0.00455408170819,60.0612297058,69.03340625,0.0110425510712,0.302160078247
0.00456534978002,60.2302474976,67.169625,0.011056898751,0.302509205123
0.00457623694092,60.3935508728,65.80525,0.0110707614155,0.302846529959
0.00458712410182,60.5568618774,65.326015625,0.01108462408,0.303183854795
0.00459801033139,60.7201538086,64.1048867187,0.0110984855587,0.303521150776
0.00460927421227,60.8891143799,63.9043164062,0.0111128279022,0.303870147801
0.0046201646328,61.0524711609,64.677046875,0.0111266947172,0.304207573633
0.00463109463453,61.2164154053,65.0776484375,0.0111638079152,0.304977672491
0.00464236782864,61.3855171204,65.2431015625,0.0112020864347,0.305771951771
0.00465326337144,61.5489463806,65.7916640625,0.0112390826262,0.306539622744
0.00466416170821,61.7124252319,65.7074609375,0.0112760883047,0.307307490573
0.00467505631968,61.8758430481,66.4597109375,0.0113130813338,0.308075095928
0.0046863281168,62.044921875,67.384046875,0.0113513551098,0.308869276781
0.00469722412527,62.2083625793,67.8545546875,0.0113883528825,0.309636980563
0.00470814434811,62.3721656799,68.1961328125,0.0114254328759,0.310406390427
0.00471904454753,62.5356712341,68.3359921875,0.0114624448791,0.311174389493
0.00473031122237,62.7046661377,67.923046875,0.0115007012623,0.311968209444
0.00474120117724,62.868019104,68.31965625,0.0115470914486,0.31238572112
0.00475210184231,63.0315284729,68.1626015625,0.0115935272594,0.312803643418
0.0047630048357,63.1950683594,67.847484375,0.0116399729886,0.31322165498
0.00477428175509,63.3642234802,67.5657265625,0.0116880116075,0.31365400255
0.00478517869487,63.5276794434,67.4464140625,0.0117344315489,0.314071782023
0.00479608215392,63.6912345886,66.68509375,0.0117808792617,0.314489811439
0.00480735767633,63.8603668213,67.7300625,0.0118289119296,0.31492210545
0.0048182583414,64.0238723755,67.6069375,0.0118753477404,0.315340027747
0.00482916040346,64.1874008179,67.1297734375,0.0119217895023,0.315758003603
0.00484005734324,64.3508529663,65.861625,0.0119682094437,0.316175783076
0.00485133752227,64.5200653076,67.19234375,0.0120112961816,0.31683644639
0.00486224517226,64.6836776733,67.3495390625,0.0120529599757,0.317475291233
0.00487315142527,64.8472671509,66.7463984375,0.0120946184337,0.318114054257
0.00488405674696,65.010848999,65.827890625,0.0121362733344,0.318752762734
0.00489533180371,65.179977417,66.798078125,0.0121793405068,0.319413126045
0.00490622920915,65.3434371948,66.67778125,0.01222096517,0.320051370879
0.00491713127121,65.5069656372,65.6452734375,0.0122626076199,0.320689888445
0.00492803379893,65.670501709,65.91440625,0.0123042518485,0.321328433284
0.00493930932134,65.8396453857,66.647828125,0.0123473207996,0.321988823867
0.00495021231472,66.0031890869,65.3536054688,0.0123889668069,0.322627395979
0.00496111530811,66.1667327881,65.2244570312,0.0124539593901,0.322989497515
0.0049720229581,66.3303451538,65.657703125,0.0125189797314,0.323351753701
0.00498330965638,66.4996414185,64.5899101562,0.0125862595739,0.323726598538
0.00499420566484,66.6630859375,66.48775,0.0126512105201,0.324088468096
0.00500511238351,66.8266830444,65.876609375,0.0127162253097,0.324450693352
0.00501601677388,66.9902496338,65.3640859375,0.0127812262203,0.324812841283
0.00502729648724,67.1594467163,65.3728007813,0.0128484644258,0.325187454142
0.00503820180893,67.3230285645,64.2976367187,0.012913470888,0.325549633003
0.00504910573363,67.486579895,64.6324882813,0.0129784690228,0.325911765468
0.00506001152098,67.650177002,63.672484375,0.0130434782609,0.326273959794
0.00507130427286,67.8195571899,65.389921875,0.013115338546,0.326724284248
0.00508221238852,67.9831848145,65.54640625,0.0131847512374,0.327159270447
0.00509311398491,68.1467132568,65.26140625,0.0132541224442,0.327593996676
0.00510401185602,68.3101730347,66.691265625,0.0133234699455,0.328028574351
0.00511528458446,68.4792709351,66.0212265625,0.0133952028135,0.328478100324
0.00512618897483,68.6428375244,65.107046875,0.0134645917994,0.328912937969
0.00513710360974,68.8065490723,65.9851953125,0.0135340459754,0.329348184139
0.00514801358804,68.9702072144,67.2422578125,0.0136034705196,0.329783244616
0.00515930214897,69.1395339966,66.130859375,0.013675304136,0.330233401945
0.00517021398991,69.3032073975,64.8423554688,0.013744740533,0.330668536699
0.00518113002181,69.4669494629,64.9241445312,0.0137865308572,0.331081796572
0.00519204046577,69.630607605,65.678421875,0.0138282997888,0.331494844896
0.00520333973691,69.8000946045,65.1590429688,0.0138715572846,0.331922613466
0.00521425670013,69.9638442993,64.3740976563,0.0139133511743,0.332335908597
0.00522518204525,70.1277313232,64.287921875,0.0139551771527,0.33274952105
0.00523609109223,70.2913665771,64.3285039063,0.0139969407362,0.333162516487
0.00524700479582,70.4550704956,64.5085703125,0.0140387221469,0.333575688215
0.00525829289109,70.6243972778,63.9019765625,0.0140819368576,0.334003033688
0.00526921031997,70.7881546021,63.6257695313,0.01412373253,0.334416346448
0.00528011983261,70.9517974854,64.6608632813,0.0141654978962,0.334829359514
0.00529103167355,71.1154785156,64.7889804687,0.0141840093408,0.335366191408
0.00530231976882,71.2847976685,64.2957382812,0.0142031590839,0.335921533957
0.00531323021278,71.4484558105,64.3881835938,0.0142216681586,0.336458297124
0.00532414065674,71.6121139526,65.0086015625,0.0142401772334,0.336995060291
0.00533504690975,71.7757034302,64.337796875,0.0142586791983,0.337531617275
0.00534633407369,71.9450149536,64.0062265625,0.0142778273614,0.338086914005
0.00535724498332,72.1086730957,63.4265195313,0.0142963372261,0.338623700081
0.00536815868691,72.2723770142,63.9668515625,0.0143148518307,0.339160623613
0.00537906493992,72.4359741211,62.8870742188,0.0143333537956,0.339697180597
0.0053903516382,72.6052780151,62.793953125,0.0143525011688,0.340252454418
0.00540126068518,72.7689056396,62.9075820313,0.014398931708,0.340777119511
0.00541217112914,72.9325714111,62.39946875,0.0144453681929,0.341301851791
0.00542307877913,73.0961837769,62.02471875,0.0144917927863,0.341826449696
0.00543436268345,73.2654418945,62.24446875,0.0145398187745,0.342369143363
0.00544527266175,73.4290924072,61.5682890625,0.0145862532775,0.342893853247
0.00545618124306,73.5927200317,61.008171875,0.0146326818348,0.343418495944
0.00546708796173,73.7563247681,60.6072734375,0.0146791024644,0.343943049058
0.00547837326303,73.9255981445,60.208640625,0.0147271343983,0.344485809912
0.00548928137869,74.089225769,59.9551367187,0.0147735609737,0.345010430213
0.00550019461662,74.2529144287,59.3642421875,0.0148200093502,0.345535296868
0.00551110459492,74.4165725708,59.3789375,0.0148246516,0.34598095285
0.00552201736718,74.5802612305,59.3202578125,0.0148292950386,0.346426722962
0.00553330546245,74.7495803833,59.1894140625,0.0148340981791,0.346887824447
0.00554421870038,74.9132843018,58.8949804687,0.0148387418159,0.34733361358
0.00555512588471,75.0768814087,58.7684570313,0.0148433828769,0.347779155434
0.00556603912264,75.2405853271,59.0226445313,0.0148480265137,0.348224944567
0.00557732442394,75.409866333,58.5100039062,0.0148528284653,0.348685931922
0.00558823440224,75.5735092163,58.1066210938,0.0148574707151,0.349131587905
0.00559914810583,75.7372207642,58.292921875,0.0148621145501,0.34957739606
0.00561006600037,75.9009933472,57.882203125,0.0148667601683,0.350023375409
0.00562135875225,76.0703811646,58.3065039063,0.0148667601683,0.350378737548
0.00563227199018,76.234085083,57.6508046875,0.0148667601683,0.35072215708
0.0056431828998,76.3977432251,57.5211914062,0.0148667601683,0.351065503346
0.0056541049853,76.5615768433,57.466125,0.0148667601683,0.351409201295
0.00566501962021,76.7252960205,57.2651953125,0.0148667601683,0.351752664788
0.00567631470039,76.8947219849,57.1882695313,0.0148667601683,0.352108100194
0.00568723166361,77.0584716797,58.6612148438,0.0148667601683,0.352451636955
0.00569817982614,77.2227020264,62.7012109375,0.0148667601683,0.3527961555
0.00570909585804,77.3864364624,64.6642890625,0.0148667601683,0.353139662954
0.00572000443935,77.5500640869,64.6684179688,0.0148667601683,0.353482935951
0.00573129020631,77.7193527222,65.068,0.0148667601683,0.35400973234
0.005742195528,77.8829345703,66.4949375,0.0148667601683,0.354518770325
0.00575310038403,78.0465087891,66.7494296875,0.0148667601683,0.355027786575
0.00576400477439,78.2100753784,68.4605546875,0.0148667601683,0.355536781088
0.00577528495342,78.3792724609,67.0208046875,0.0148667601683,0.356063316643
0.00578618841246,78.5428314209,67.103234375,0.0148667601683,0.356572267685
0.0057970918715,78.7063751221,67.86684375,0.0148667601683,0.357081218726
0.00580837065354,78.8755645752,68.2798671875,0.0148667601683,0.357607689073
0.00581927364692,79.0391082764,67.5802890625,0.0148667601683,0.358116618378
0.00583017617464,79.2026443481,65.9475859375,0.0148667601683,0.358625525947
0.00584107916802,79.3661880493,65.699375,0.0149222827797,0.359185378945
0.0058523574844,79.5353622437,65.6846640625,0.014979716693,0.359764504237
0.00586326839402,79.6990280151,65.1998359375,0.0150352796172,0.360324763723
0.005874177441,79.862663269,67.494921875,0.015090833056,0.360884927564
0.00588508555666,80.0262832642,68.1805078125,0.0151463817521,0.361445043583
0.00589636527002,80.1954803467,68.215171875,0.0152038227795,0.362024240609
0.00590726593509,80.3589859009,69.0208671875,0.0152593335341,0.362583974052
0.00591816613451,80.5224914551,69.317234375,0.0153148419174,0.363143683583
0.00592906633392,80.6859970093,70.1858125,0.0153703503007,0.363703393115
0.00594034185633,80.8551254272,70.77396875,0.015427769986,0.364282374942
0.00595124065876,81.0186157227,72.3017109375,0.0154324133252,0.365341056295
0.00596213992685,81.1820983887,72.61065625,0.0154370568629,0.366399782881
0.00597303826362,81.3455734253,73.784328125,0.0154417000038,0.367458419001
0.00598431238905,81.5146865845,74.9849609375,0.0154465032461,0.368553558255
0.00599521026015,81.6781539917,75.857984375,0.0154511461886,0.369612149142
0.00600610813126,81.8416213989,74.4975,0.0154557891311,0.370670740029
0.00601700600237,82.0050888062,75.438828125,0.0154604320736,0.371729330916
0.00602828012779,82.1742019653,75.051453125,0.0154652353159,0.37282447017
0.0060391779989,82.3376693726,74.8468515625,0.0154698782584,0.373883061057
0.00605007493868,82.501121521,73.945578125,0.0154745208041,0.374941561477
0.00606134720147,82.670211792,74.311734375,0.0154888825026,0.375717093196
0.00607224367559,82.833656311,72.104234375,0.0155027654185,0.376466770654
0.00608313968405,82.9971008301,71.4795703125,0.0155166477411,0.377216416075
0.00609403569251,83.1605377197,71.614046875,0.0155305300637,0.377966061496
0.00610530702397,83.3296051025,70.4704453125,0.0155448905756,0.37874152914
0.00611620210111,83.4930343628,71.9523359375,0.0155587717117,0.379491110485
0.00612709717825,83.656463623,71.5965859375,0.0155726528477,0.380240691831
0.00613836804405,83.8255233765,72.83559375,0.0155870127663,0.381016127437
0.00614926265553,83.9889373779,73.4570234375,0.0156008933091,0.381765676745
0.00616015680134,84.1523513794,75.137375,0.0156147732585,0.382515194016
0.00617105094716,84.3157653809,76.13759375,0.0156332839295,0.382987216127
0.00618232041597,84.4848098755,74.9156875,0.0156524323266,0.383475500252
0.00619321363047,84.6482086182,76.491125,0.0156709414152,0.38394748201
0.00620410731062,84.8116073608,76.2901015625,0.015689451295,0.384419483945
0.00621500052512,84.9750061035,77.9811953125,0.0157079603835,0.384891465703
0.00622626859695,85.14402771,74.84571875,0.0157271064069,0.385379689299
0.00623716134578,85.3074188232,74.4244140625,0.0157456147042,0.385851650882
0.00624805409461,85.4708099365,75.7323671875,0.0157641230016,0.386323612464
0.00625932216644,85.639831543,75.4285625,0.015783269025,0.38681183606
0.00627021444961,85.8032150269,74.5497578125,0.0158017765311,0.387283777466
0.00628110673279,85.9665985107,73.9164453125,0.0158064041517,0.388172280614
0.00629237480462,86.1356201172,72.2156484375,0.0158111914272,0.389091437519
0.00630326801911,86.2990188599,74.1588515625,0.0158158194434,0.389980016636
0.00631416030228,86.4624099731,79.34021875,0.015820447064,0.390868519784
0.00632505305111,86.625793457,80.70315625,0.0158250748824,0.391757060916
0.00633632158861,86.7948226929,79.0405234375,0.0158298623558,0.392676255806
0.00634721061215,86.9581604004,80.8022109375,0.0158344885915,0.39356449306
0.00635809917003,87.1214904785,80.9398046875,0.0158391146293,0.394452692329
0.00636936351657,87.2904510498,82.127171875,0.0158439003222,0.395371545356
0.00638025440276,87.4538192749,82.6385,0.0158485273492,0.396259934549
0.00639114249498,87.6171340942,85.144328125,0.0159040369597,0.397421010568
0.00640203244984,87.7804870605,86.872203125,0.0159595560663,0.398582285214
0.00641330098733,87.9495162964,86.209171875,0.0160170052607,0.399783930863
0.00642418907955,88.1128387451,89.8302890625,0.0160725148711,0.400945006882
0.00643508182839,88.2762298584,86.6730859375,0.0161280482219,0.402106579469
0.00644635083154,88.4452667236,87.882859375,0.0161854997903,0.403308274775
0.00645725335926,88.6088027954,86.61621875,0.0162410829958,0.404470890156
0.00646814471111,88.7721710205,86.6807265625,0.0162966092245,0.405632313772
0.00647903233767,88.9354858398,83.9186015625,0.0163521164609,0.406793340134
0.00649029528722,89.1044311523,82.52175,0.0164095371669,0.407994389902
0.00650117313489,89.2675933838,80.89484375,0.0164419130633,0.408896289873
0.00651205237955,89.4307861328,81.1877421875,0.0164742931175,0.409798305669
0.00652330229059,89.5995330811,80.923671875,0.0165077763915,0.410731054017
0.00653418526053,89.7627792358,81.531,0.0165401675334,0.411633378684
0.00654507847503,89.9261779785,83.043109375,0.0165725891663,0.412536552742
0.00655633909628,90.0950927734,85.327984375,0.0166061043173,0.413470189091
0.00656722299755,90.2583465576,87.302203125,0.0166384982311,0.414372590975
0.00657810876146,90.4216308594,89.7860390625,0.0166708976887,0.415275147294
0.00658936752006,90.5905151367,91.6134140625,0.0167044072958,0.416208629207
0.00660024862736,90.7537307739,92.7372265625,0.0167367928939,0.417110799439
0.00661114789546,90.9172134399,94.646796875,0.016755348776,0.418080344282
0.00662212399766,91.0818557739,96.077078125,0.0167740354674,0.419056723907
0.00663311826065,91.2467727661,95.929921875,0.0167927530774,0.420034719026
0.0066440096125,91.4101486206,97.409578125,0.0168112954822,0.42100355968
0.0066550206393,91.5753097534,97.5928359375,0.0168300416323,0.421983046023
0.00666630966589,91.7446517944,97.769328125,0.016849261074,0.42298726185
0.00667735887691,91.9103775024,97.8259609375,0.0168680722323,0.423970144873
0.00668803276494,92.0704956055,98.0911015625,0.0168862444075,0.424919641024
0.0066993702203,92.2405471802,98.7111015625,0.0169055462986,0.425928164834
0.00671008974314,92.4013442993,99.31728125,0.0169237961664,0.42688172043
0.00672114267945,92.5671386719,101.031679688,0.0169566300511,0.42790426141
0.00673239165917,92.7358779907,102.833476562,0.0169900463029,0.428944938965
0.00674316287041,92.8974456787,104.0051875,0.0170220432942,0.429941416696
0.00675428239629,93.064239502,105.215820312,0.0170550749901,0.43097011808
0.00676509737968,93.2264556885,105.246765625,0.0170872020111,0.431970645307
0.00677615497261,93.392326355,106.476695312,0.0171200497287,0.432993617085
0.00678722886369,93.5584335327,106.571554687,0.0171529458617,0.434018096653
0.00679824547842,93.7236785889,106.21190625,0.0171856718494,0.435037277413
0.00680930214003,93.8895263672,106.234789062,0.0172185168004,0.436060163031
0.0068202544935,94.053817749,105.972085937,0.0172510518934,0.437073398784
0.00683115236461,94.2172851562,105.667226563,0.0172834799697,0.43875502617
0.0068420288153,94.3804321289,105.073398438,0.0173158443067,0.440433348216
0.00685326848179,94.5490264893,105.673890625,0.017349289441,0.442167717323
0.00686421617866,94.7132415771,106.204789062,0.0173818657805,0.443857033216
0.00687511404976,94.8767089844,104.616976562,0.0174142938568,0.445538660602
0.00688628898934,95.0443344116,104.511375,0.0174475463875,0.447263041835
0.00689713377506,95.2070083618,104.70315625,0.0174798165011,0.448936477727
0.00690833665431,95.3750457764,103.264101563,0.01751315217,0.450665170273
0.00691909482703,95.5364227295,104.06296875,0.0175451645551,0.452325241097
0.00693023297936,95.7034988403,101.533960937,0.0175783076204,0.454043945769
0.00694136228412,95.8704376221,100.373890625,0.017616215511,0.45563133869
0.00695212278515,96.0318450928,99.84703125,0.0176528672071,0.457166128464
0.0069632618688,96.198928833,99.22740625,0.017690808406,0.458754916165
0.00697402004153,96.3602981567,98.592671875,0.0177274521715,0.460289373848
0.0069851432927,96.5271453857,97.9982421875,0.0177653394428,0.461875903333
0.00699626933783,96.6940383911,96.529234375,0.0178032362307,0.463462831327
0.00700702564791,96.8553848267,95.4080546875,0.0178398736519,0.464997023338
0.00701815309003,97.0222930908,94.258015625,0.0178777751981,0.466584150586
0.00702928053215,97.1892089844,92.9828828125,0.0179156767443,0.468171277834
0.00704003684223,97.3505477905,92.90934375,0.0179523141655,0.469705469846
0.00705116475001,97.5174713135,93.6823984375,0.0179523141655,0.471018355504
0.00706229032949,97.6843566895,94.51990625,0.0179523141655,0.472330966465
0.00707304570824,97.8456878662,94.3810703125,0.0179523141655,0.473599900643
0.0070841726847,98.012588501,94.2329453125,0.0179523141655,0.474912676422
0.00709529733285,98.1794662476,93.904,0.0179523141655,0.476225177505
0.00710605690256,98.3408508301,93.3426171875,0.0179523141655,0.477494606137
0.0071171829477,98.5077438354,92.903125,0.0179523141655,0.478807272037
0.00712831458077,98.6747207642,92.3464140625,0.0179523141655,0.48012059721
0.00713907182217,98.8360824585,92.0315390625,0.0179523141655,0.481389751145
0.00715019600466,99.0029373169,91.6437265625,0.0179523141655,0.482702197288
0.00716132484376,99.1698684692,90.576703125,0.0179664819244,0.483901734209
0.00717208068818,99.3312072754,89.6803671875,0.017980174836,0.485061067394
0.00718320999295,99.4981460571,88.3851875,0.0179943431878,0.486260654507
0.00719433743507,99.6650619507,86.797515625,0.0180085091682,0.487460040851
0.00720509560779,99.8264389038,86.3693359375,0.0180222050439,0.488619624996
0.00721623003483,99.9934463501,85.6361953125,0.0180363799167,0.48981976422
0.00722735701129,100.160354614,85.8880390625,0.0180505453043,0.491019100373
0.00723811145872,100.321670532,85.5911875,0.0180642364375,0.492178282982
0.0072492393665,100.488586426,85.6334140625,0.0180784030107,0.493377719519
0.00726036494598,100.655471802,85.27828125,0.0180925666199,0.494576905096
0.00727112358436,100.816848755,85.2775,0.0180925666199,0.496006073812
0.0072822519578,100.983779907,85.276046875,0.0180925666199,0.49748435783
0.0072930068709,101.145103455,84.7161171875,0.0180925666199,0.498913031682
0.00730413664132,101.312049866,84.942234375,0.0180925666199,0.500391501275
0.00731526268646,101.478942871,84.6476953125,0.0180925666199,0.501869476003
0.00732601759955,101.640266418,84.5825390625,0.0180925666199,0.503298149854
0.00733714364469,101.807159424,83.5662109375,0.0180925666199,0.504776124583
0.00734827900305,101.974182129,82.5506875,0.0180925666199,0.506255336472
0.0073590381071,102.135566711,82.14975,0.0180925666199,0.507684567046
0.00737016880885,102.302528381,81.6182578125,0.0180925666199,0.509163160355
0.00738129578531,102.469436646,81.025734375,0.0180972882162,0.510003604498
0.00739205162972,102.630775452,80.393984375,0.0181018523272,0.510816016249
0.00740319071338,102.797859192,80.625578125,0.018106579061,0.511657374873
0.0074143181555,102.964775085,80.5347734375,0.0181113008549,0.512497854188
0.00742507446557,103.126113892,80.1425390625,0.0181158651635,0.513310301112
0.00743620144203,103.293022156,80.0294453125,0.0181205867598,0.514150745254
0.00744732841849,103.45993042,79.9515703125,0.0181253083561,0.514991189397
0.00745808472857,103.621276855,79.6160625,0.0181298726647,0.51580363632
0.00746921217069,103.78818512,79.5689375,0.0181345944586,0.516644115635
0.00748034240678,103.95513916,79.1745625,0.0181393174381,0.517484805984
0.00749110244215,104.116539001,78.7951953125,0.0181576377537,0.518382501453
0.00750223034993,104.283454895,78.65321875,0.0181765844186,0.519310888029
0.00751335872337,104.450386047,78.0974921875,0.0181955318762,0.520239313455
0.00752412015572,104.611801147,77.4755546875,0.0182138545705,0.521137125472
0.00753525504842,104.778831482,77.79071875,0.018232813128,0.52206609479
0.00754601415247,104.940216064,77.4908125,0.018251131858,0.52296371256
0.00755714857951,105.10723114,77.2552265625,0.0182700896227,0.523892643029
0.00756828859448,105.27432251,77.47603125,0.0182890569015,0.524822039693
0.00757904630154,105.435691833,77.640921875,0.0183073732529,0.525719540914
0.00759017467499,105.602622986,77.249421875,0.0183263207106,0.526647966339
0.00760131143034,105.769676208,77.0308046875,0.0183595019074,0.527235747539
0.00761207193136,105.93107605,76.546203125,0.0183915620803,0.527803670602
0.00762320309877,106.098052979,76.6029609375,0.0184247266281,0.528391156878
0.00763433193788,106.264984131,76.1053828125,0.018457884239,0.528978520271
0.00764509337023,106.426399231,75.642515625,0.0184899471867,0.529546492487
0.00765622826293,106.593421936,75.0559296875,0.0185231228338,0.530134175379
0.00766736129299,106.760414124,74.6693046875,0.0185562929313,0.530721759964
0.00767812179402,106.921821594,74.7033203125,0.0185883531042,0.531289683026
0.00768925156444,107.088775635,74.5930625,0.0186215134899,0.531877095572
0.00770001299679,107.250190735,74.4331875,0.0186535764376,0.532445067789
0.00771114230156,107.417137146,74.3915546875,0.0186866236328,0.532917170577
0.00772228371352,107.584251404,74.7514921875,0.0187197067789,0.53338978695
0.00773304281756,107.745643616,74.441875,0.0187516547055,0.533846185901
0.00774417258799,107.912590027,74.2049296875,0.0187847032834,0.534318308443
0.00775530235842,108.079536438,74.1341015625,0.0188177518613,0.534790430985
0.0077660609968,108.240913391,74.077140625,0.0188496984051,0.535246810182
0.00777719076723,108.407859802,73.7188046875,0.0188827469831,0.535718932724
0.00778832053766,108.574813843,73.245625,0.018915795561,0.536191055266
0.00779908010736,108.736206055,72.5706484375,0.0189477448703,0.53664747397
0.00781022291631,108.903343201,73.1398828125,0.0189808321646,0.537120149603
0.00782135408372,109.070304871,71.9593671875,0.0190234639836,0.53748015163
0.0078321127221,109.231697083,71.293671875,0.0190646690349,0.537828105397
0.00784324388951,109.398651123,71.283625,0.019107300854,0.538188107424
0.00785400532186,109.560073853,71.2898203125,0.0191485166061,0.538536151553
0.00786514114588,109.727111816,71.430890625,0.0191911662597,0.538896304184
0.00787627510726,109.894126892,71.493765625,0.0192338087795,0.539256396573
0.00788703560829,110.055541992,71.5436328125,0.0192750209647,0.539604410581
0.00789817608893,110.222640991,73.0331015625,0.0193176884529,0.539964713815
0.00790931750089,110.389762878,71.6086640625,0.019360359508,0.54032504717
0.00792008265853,110.551239014,71.73834375,0.0194015895278,0.540673211781
0.00793121755123,110.718261719,70.90078125,0.0194629963,0.540928286066
0.00794234871864,110.885231018,70.120609375,0.0195243825279,0.541183275012
0.00795310921967,111.046638489,70.280015625,0.0195837246026,0.541429772861
0.00796424038708,111.213607788,68.7536171875,0.0196451108305,0.541684761808
0.00797500088811,111.375015259,69.285609375,0.0197044529052,0.541931259656
0.00798613298684,111.541984558,68.6039296875,0.0197658442692,0.542186269938
0.00799726415426,111.708961487,68.3316015625,0.0198272304971,0.542441258884
0.00800802465528,111.870368958,67.8658203125,0.0198865725718,0.542687756733
0.00801915675402,112.037345886,68.213734375,0.0199479639357,0.542942767014
0.00803028792143,112.204322815,68.4304140625,0.0200093501636,0.543197755961
0.00804104842246,112.365730286,68.42365625,0.0200230905872,0.543472564433
0.00805218052119,112.532699585,68.7236171875,0.0200373055157,0.543756863002
0.0080633116886,112.699676514,68.5269765625,0.0200515192549,0.544041137787
0.00807407218963,112.861083984,68.3480859375,0.0200652596785,0.544315946259
0.00808520428836,113.028060913,68.1468203125,0.020079474607,0.544600244828
0.0080963363871,113.195045471,67.86803125,0.0200936895354,0.544884543397
0.00810709688812,113.356452942,67.046421875,0.0201074299591,0.545159351869
0.00811822898686,113.5234375,66.695203125,0.0201216448875,0.545443650438
0.00812936201692,113.690429688,66.127703125,0.0201358610052,0.545727972792
0.00814012344927,113.851852417,65.8993125,0.020149602618,0.546002805049
0.008151255548,114.018836975,65.720234375,0.0201826522446,0.54623887381
0.00816201698035,114.180252075,65.5981171875,0.0202146014152,0.546467082171
0.00817315094173,114.347267151,65.564890625,0.0202476565717,0.546703190432
0.00818429142237,114.51436615,65.7161953125,0.020280731083,0.546939436941
0.00819505564868,114.675842285,65.585796875,0.0203126885484,0.547167704552
0.00820619426668,114.842918396,65.7889609375,0.0203457575297,0.547403911561
0.00821732729673,115.009902954,65.659640625,0.0203788099213,0.547640000072
0.00822808872908,115.171325684,65.683140625,0.0204107590918,0.547868208433
0.00823922082782,115.338310242,65.43865625,0.0204438087184,0.548104277195
0.00825035292655,115.5052948,65.0214921875,0.020476858345,0.548340345956
0.00826111529022,115.666725159,64.769484375,0.0204997521443,0.548569283949
0.00827226042747,115.833900452,64.4493203125,0.0205234601831,0.548806364337
0.00828302465379,115.995368958,63.8932773438,0.0205463579446,0.549035341952
0.00829416327178,116.162452698,63.4709882813,0.0205700521156,0.549272283662
0.00830530095845,116.329521179,63.3197617188,0.0205937443054,0.54950920556
0.00831606611609,116.490997314,63.087921875,0.020616644048,0.549738202986
0.00832720287144,116.658042908,63.00653125,0.0206403342568,0.549975105073
0.00833834148943,116.825119019,62.7895585938,0.0206640284277,0.550212046783
0.00834910478443,116.986572266,62.840703125,0.0206869242081,0.550441004587
0.00836024060845,117.1536026,62.9266367187,0.0207106124357,0.550677886863
0.00837100483477,117.315078735,63.0704453125,0.0207747316022,0.55084276472
0.0083821406588,117.48210144,62.7493085938,0.0208410642613,0.551013334415
0.00839327927679,117.649185181,62.0183828125,0.0209074135633,0.551183946905
0.00840404350311,117.810653687,61.6892148438,0.0209715327298,0.551348824762
0.00841517932713,117.97769165,61.3163867188,0.0210378653889,0.551519394457
0.00842631515115,118.144729614,61.4439335938,0.021104198048,0.551689964152
0.00843707937747,118.306190491,60.9437578125,0.0211683172145,0.551854842009
0.00844821613282,118.473251343,60.82546875,0.0212346554212,0.552025425969
0.00845935381949,118.640304565,60.6751640625,0.0213009991756,0.552196024194
0.00847011897713,118.801780701,60.5448945313,0.0213651238897,0.552360916316
0.00848125480115,118.968826294,60.0926328125,0.0213745678851,0.552568684215
0.00849201995879,119.1302948,60.0673203125,0.0213836975282,0.552769536364
0.00850315857679,119.29737854,60.2181523437,0.0213931438931,0.552977356392
0.00851429533213,119.464424133,60.1728945313,0.0214025886784,0.553185141667
0.00852506048977,119.625900269,60.1116523438,0.0214117183215,0.553385993816
0.0085361963138,119.792945862,59.61034375,0.0214211623169,0.553593761715
0.00854733306915,119.959991455,59.703140625,0.0214306071022,0.553801546991
0.00855809729546,120.12146759,59.1839882813,0.0214397359555,0.554002381763
0.00856923405081,120.288513184,58.927796875,0.0214491807407,0.554210167039
0.00858037080616,120.455558777,58.7926835937,0.0214586255259,0.554417952314
0.0085911359638,120.617034912,58.6148554688,0.0215456482357,0.554564516878
0.00860227178782,120.784080505,58.4908945312,0.0216356673152,0.554716127959
0.00861303787678,120.94556427,58.1946679687,0.0217226975535,0.554862705203
0.00862417463213,121.112617493,57.9938984375,0.0218127241616,0.555014328964
0.00863531138748,121.279663086,57.741078125,0.0219027507697,0.555165952725
0.00864607654512,121.441146851,57.5305625,0.0219897734794,0.555312517288
0.00865721423179,121.608215332,57.345734375,0.0220798076161,0.555464153729
0.00866835098714,121.775268555,57.187765625,0.0221698342242,0.55561577749
0.0086791170761,121.936752319,57.2415820312,0.0222568644625,0.555762354734
0.00869025383145,122.103805542,56.9224765625,0.0223468910706,0.555913978495
0.00870101898909,122.265289307,56.5928828125,0.0224247501956,0.555982677723
0.00871215667576,122.432350159,56.294859375,0.022505303641,0.556053754292
0.0087232934311,122.599403381,56.1129023438,0.0225858503507,0.556124824918
0.00873405952007,122.760894775,55.9935820312,0.0226637162114,0.556193530089
0.00874519720674,122.927947998,55.710328125,0.0227442696569,0.556264606659
0.00875633396208,123.09500885,55.5132460937,0.0228248163665,0.556335677285
0.00876710005105,123.256500244,55.48225,0.0229026822273,0.556404382456
0.00877823773772,123.423561096,55.292046875,0.0229832356727,0.556475459026
0.00878900382668,123.58505249,55.0735078125,0.0230611015335,0.556544164197
0.00880014151335,123.752113342,54.841734375,0.023141654979,0.556615240767
0.00881127826869,123.919174194,54.6723515625,0.0231890341917,0.55677633009
0.00882204435766,124.080673218,54.473296875,0.0232348364747,0.556932057852
0.00883318204433,124.24773407,54.369453125,0.0232822196496,0.557093160647
0.008844319731,124.414802551,54.1171367187,0.0233296028246,0.557254263442
0.00885508581996,124.576293945,53.90753125,0.0233754051075,0.557409991204
0.00886622350663,124.743362427,53.8181523438,0.0234227882824,0.557571093999
0.0088773611933,124.910423279,53.6892382812,0.0234701714574,0.557732196793
0.00888812728226,125.071914673,53.445484375,0.0235159737403,0.557887924555
0.00889926590025,125.238983154,53.3953007813,0.0235633608774,0.558049040821
0.00891003198922,125.400482178,53.20375,0.0236091631604,0.558204768583
0.00892116967589,125.567550659,53.15703125,0.0236327737075,0.55831809921
0.00893230829388,125.734619141,52.9759453125,0.0236563862289,0.558431439313
0.00894307531416,125.896125793,52.7308632813,0.0236792110082,0.558540998253
0.00895421300083,126.063194275,52.522078125,0.0237028215553,0.558654328879
0.0089653506875,126.230262756,52.3556210938,0.0237264321025,0.558767659506
0.00897611770779,126.39176178,52.1238203125,0.0237492568818,0.558877218446
0.00898725539446,126.558830261,51.9897265625,0.0237728674289,0.558990549073
0.00899802241474,126.720336914,51.8216171875,0.0237956922082,0.559100108013
0.00900916103274,126.887413025,51.8024179687,0.0238193047296,0.559213448116
0.00902029965073,127.054489136,51.6785820313,0.0238429172511,0.559326788219
0.00903106573969,127.215988159,51.5927734375,0.0239024561822,0.559482505423
0.00904220435768,127.38306427,51.3544335938,0.0239640552839,0.559643610766
0.00905334204435,127.550140381,51.2352226563,0.0240256492352,0.559804702639
0.00906410999596,127.711647034,51.1814648437,0.0240851984672,0.559960446784
0.00907524768263,127.878723145,51.0476367187,0.0241467924185,0.560121538657
0.00908601470292,128.040222168,50.8991328125,0.0242063365001,0.560277269332
0.00909715332091,128.207305908,50.7967773438,0.0242679356018,0.560438374675
0.0091082919389,128.37437439,50.49925,0.0243295347036,0.560599480018
0.00911905895919,128.535888672,50.3367695312,0.0243890787851,0.560755210693
0.00913019757718,128.702972412,50.3675742188,0.0244506778869,0.560916316036
0.00914133619517,128.870040894,51.0207421875,0.024498063016,0.561096379526
0.00915210321546,129.031555176,50.259640625,0.0245438673201,0.561270435882
0.00916324183345,129.198623657,50.1960546875,0.0245912524492,0.561450499373
0.00917400885373,129.360137939,51.1835234375,0.0246370567534,0.561624555728
0.00918514747173,129.527206421,52.3069570313,0.0246844418825,0.561804619219
0.00919628608972,129.694290161,53.7737539063,0.0247318270116,0.561984682709
0.00920705217868,129.855789185,55.8390507813,0.0247776273538,0.56215872401
0.00921818986535,130.022842407,56.9473164063,0.0248250085209,0.562338772445
0.0092293266207,130.18989563,58.159796875,0.0248723857261,0.562518805825
0.00924009270966,130.351379395,58.67640625,0.0249181860683,0.562692847125
0.00925122946501,130.518432617,59.65634375,0.0249323559991,0.562943182571
0.00926236622036,130.68548584,60.263890625,0.02494652593,0.563193518016
0.00927313044667,130.846954346,61.186796875,0.0249602218709,0.563435479639
0.00928426720202,131.014007568,62.2676328125,0.0249743918018,0.563685815084
0.00929503142834,131.175460815,62.306953125,0.0249880877427,0.563927776707
0.00930616632104,131.342498779,64.3012421875,0.0250022553036,0.564178070283
0.00931730121374,131.509521484,68.39140625,0.0250164228646,0.56442836386
0.00932806171477,131.670928955,74.6518125,0.0250301140656,0.564670241744
0.00933919288218,131.837890625,79.4994140625,0.0250442768866,0.564920451582
0.00935032311827,132.004852295,86.501765625,0.0250584385227,0.565170640486
0.00936108175665,132.166229248,89.42121875,0.0250675986952,0.56580269239
0.00937221199274,132.333175659,93.048359375,0.0250770752552,0.566456575033
0.00938334129751,132.50012207,94.2688984375,0.0250865510223,0.567110402963
0.00939409900457,132.661483765,93.92375,0.0250957104019,0.567742400153
0.00940522924066,132.828430176,90.0692265625,0.025105186962,0.568396282797
0.00941635854542,132.995376587,87.4697578125,0.0251146627291,0.569050110727
0.00942711811513,133.156784058,85.3873046875,0.0251238236945,0.569682217344
0.00943824928254,133.323745728,85.6547109375,0.0251333010475,0.570336154701
0.00944900885224,133.485137939,86.0284453125,0.025142462013,0.570968261319
0.00946014095098,133.652114868,85.208515625,0.025151940159,0.571622253389
0.00947127398103,133.819107056,83.1874609375,0.0251802717378,0.573189934084
0.00948203541338,133.980545044,80.89196875,0.0252076576666,0.574705288813
0.00949316937476,134.147537231,81.0836328125,0.0252359916155,0.576273100651
0.00950430333614,134.314544678,81.3391875,0.0252643255644,0.577840912489
0.00951506569982,134.475997925,81.389,0.0252917138633,0.579356398361
0.0095261996612,134.643005371,81.3860234375,0.0253200478121,0.580924210198
0.0095373345539,134.810012817,81.493328125,0.0253483841311,0.582492153179
0.00954809784889,134.971466064,81.5212734375,0.0253757748,0.584007770193
0.00955923181027,135.13848877,82.254296875,0.0254041087489,0.585575582031
0.00957036670297,135.305496216,82.7439296875,0.0254324450678,0.587143525012
0.00958112999797,135.466949463,83.8889296875,0.0254370253108,0.588348128921
0.00959226489067,135.633972168,84.12496875,0.0254417636845,0.589594321215
0.00960302818567,135.795425415,84.6053359375,0.0254463439275,0.590798925125
0.00961416307837,135.96244812,85.3498828125,0.0254510823013,0.592045117419
0.00962529703975,136.129455566,85.0999453125,0.0254558202787,0.593291205481
0.00963606033474,136.290908813,86.2814609375,0.0254604005217,0.594495809391
0.00964719522744,136.45791626,85.2635546875,0.0254651388954,0.595742001685
0.00965832918882,136.624938965,84.6490625,0.0254698768729,0.596988089747
0.00966909341514,136.786392212,84.344234375,0.0254744575122,0.598192797888
0.00968022830784,136.953414917,83.9461328125,0.0254791958859,0.599438990182
0.00969136320055,137.120437622,83.796109375,0.0254791958859,0.600429192776
0.00970212649554,137.281906128,83.6896171875,0.0254791958859,0.601386349967
0.00971326231956,137.448928833,83.05553125,0.0254791958859,0.602376635381
0.00972402654588,137.610397339,81.90871875,0.0254791958859,0.603333875392
0.00973516236991,137.777435303,81.1558203125,0.0254791958859,0.604324160806
0.00974629819393,137.944473267,79.878125,0.0254791958859,0.60531444622
0.00975706335157,138.105957031,79.167421875,0.0254791958859,0.606271769052
0.00976820010692,138.273010254,78.2527421875,0.0254791958859,0.607262137286
0.00977933779359,138.440063477,77.9157578125,0.0254791958859,0.608252588342
0.00979010295123,138.601547241,77.345375,0.0254791958859,0.609209911173
0.0098012406379,138.768615723,77.3576796875,0.0254980854404,0.610192168008
0.00981200672686,138.930099487,77.5367109375,0.025516344764,0.611141652831
0.00982314348221,139.09715271,77.6858515625,0.0255352327389,0.61212382753
0.00983428116888,139.264221191,77.2988359375,0.0255541222934,0.613106084364
0.00984504725784,139.425704956,77.1945078125,0.025572381617,0.614055569187
0.00985618494451,139.592773438,77.3762265625,0.0255912711715,0.615037826021
0.00986732263118,139.759841919,77.507625,0.025610160726,0.616020082855
0.00987808872014,139.921325684,77.1623046875,0.0256284200495,0.616969567678
0.00988922640681,140.088394165,77.13153125,0.025647309604,0.617951824512
0.00990036409348,140.255462646,77.0216171875,0.0256661991585,0.618934081346
0.00991113018245,140.416946411,77.1454765625,0.0256661991585,0.619689799801
0.00992226786911,140.584014893,77.41575,0.0256661991585,0.62047160231
0.00993303395808,140.745513916,76.993203125,0.0256661991585,0.621227320765
0.00994417164475,140.912582397,76.928734375,0.0256661991585,0.622009123274
0.00995530933142,141.07963562,76.3629296875,0.0256661991585,0.622790925783
0.0099660763517,141.241134644,76.0745703125,0.0256661991585,0.623546709611
0.00997721403837,141.408203125,75.4611953125,0.0256661991585,0.62432851212
0.00998835172504,141.575286865,74.62271875,0.0256661991585,0.625110314629
0.00999911874533,141.736785889,73.7160078125,0.0256661991585,0.625866098457
0.0100102573633,141.903869629,72.909578125,0.0256661991585,0.626647966339
0.0100210253149,142.065368652,72.4790625,0.0256936815562,0.627179292695
0.0100321639329,142.232452393,71.9706953125,0.0257221099835,0.627728908957
0.0100433025509,142.399536133,71.6595234375,0.0257505384109,0.628278525219
0.0100540705025,142.561050415,71.5714140625,0.0257780208086,0.628809851575
0.0100652100518,142.728149414,71.527109375,0.0258064516129,0.629359513791
0.0100763486698,142.895233154,71.5357421875,0.0258348800402,0.629909130053
0.0100871166214,143.056747437,71.54575,0.025862362438,0.630440456409
0.0100982561707,143.223831177,71.4550703125,0.0258907932423,0.630990118626
0.010109023191,143.385360718,71.580265625,0.025918273263,0.631521399027
0.0101201627403,143.552444458,71.74546875,0.0259467040673,0.632071061244
0.0101313022897,143.719528198,71.970859375,0.0259609192286,0.632753388983
0.0101420693099,143.88104248,72.0529296875,0.0259746590061,0.633412898304
0.0101532088593,144.048141479,72.61046875,0.0259888741673,0.634095226043
0.0101643484086,144.21522522,73.244296875,0.0260030893285,0.634777553782
0.0101751154289,144.376739502,73.4848828125,0.0260168291061,0.635437063104
0.0101862549782,144.543823242,73.681578125,0.0260310442673,0.636119390843
0.0101970229298,144.705337524,73.962890625,0.0260447852333,0.63677895721
0.0102081624791,144.872436523,73.996140625,0.0260590003945,0.637461284949
0.0102193010971,145.039520264,74.065265625,0.0260732143673,0.638143555642
0.01023006998,145.201049805,73.6362421875,0.0260869565217,0.638803179056
0.0102412095293,145.368133545,73.1940546875,0.0260916785833,0.640040359197
0.0102523490787,145.535232544,72.547703125,0.026096400645,0.641277539339
0.0102631179616,145.696762085,71.7924375,0.0261009655809,0.642473552547
0.0102742575109,145.863861084,70.7757578125,0.0261056876425,0.643710732688
0.0102850263938,146.025390625,70.4496015625,0.0261102525784,0.644906745896
0.0102961668745,146.192504883,69.88403125,0.0261149750348,0.646144029472
0.0103073073551,146.359603882,69.4822890625,0.0261196974912,0.647381313048
0.010318076238,146.521148682,69.3538359375,0.0261242624271,0.648577326256
0.0103292167187,146.688247681,68.806140625,0.0261289848835,0.649814609832
0.0103403571993,146.855361938,68.4072421875,0.0261337073399,0.651051893408
0.0103511270136,147.016906738,68.2329140625,0.0261795111085,0.651564895616
0.0103622674942,147.184020996,67.6565390625,0.0262268913125,0.652095553902
0.0103730373085,147.345565796,67.433984375,0.0262726950811,0.65260855611
0.0103841777891,147.512664795,67.306203125,0.0263200752852,0.653139214395
0.0103953192011,147.679779053,67.154015625,0.0263674594501,0.653669917043
0.0104060890153,147.841323853,66.94596875,0.0264132632187,0.654182919251
0.0104172294959,148.008453369,66.700546875,0.0264606434228,0.654713577537
0.0104283709079,148.175567627,66.517265625,0.0265080275877,0.655244280184
0.0104391407222,148.337112427,66.3471171875,0.0265538313563,0.655757282392
0.0104502821341,148.504226685,66.0520390625,0.0266012155213,0.65628798504
0.0104610519484,148.665786743,65.991234375,0.0266378566735,0.656869663332
0.0104721933603,148.832901001,65.562265625,0.0266757620786,0.657471411637
0.0104833357036,149.000030518,66.0861875,0.0267136706522,0.658073210244
0.0104941055179,149.161575317,65.546671875,0.0267503118045,0.658654888536
0.0105052469298,149.328704834,65.0236679688,0.0267882172096,0.659256636841
0.0105160176754,149.490264893,64.8165546875,0.0268248615304,0.659838365434
0.0105271590874,149.65737915,64.7397304687,0.0268627669354,0.66044011374
0.0105383004993,149.824508667,64.6931484375,0.0269006723405,0.661041862045
0.0105490712449,149.986068726,64.4426757813,0.0269373166613,0.661623590638
0.0105602126569,150.153198242,64.1066757813,0.0269752220664,0.662225338943
0.0105713550001,150.320327759,63.8076289063,0.0270273445888,0.662594935012
0.0105821248144,150.481872559,63.8827617187,0.0270777244659,0.66295217414
0.0105932671577,150.649002075,63.7890273437,0.0271298469883,0.663321770208
0.0106040379032,150.810562134,63.5888828125,0.027180231222,0.663679040229
0.0106151793152,150.97769165,63.4625195313,0.0272323493878,0.664048605405
0.0106263216585,151.144821167,63.471625,0.0272844719103,0.664418201473
0.0106370924041,151.306381226,63.441078125,0.027334856144,0.664775471494
0.0106482347474,151.473526001,63.2988945312,0.0273869786664,0.665145067562
0.0106590054929,151.63508606,63.0490820313,0.0274373629001,0.665502337582
0.0106701469049,151.802215576,62.8402773438,0.0274894810659,0.665871902758
0.0106812892482,151.969345093,62.4894882812,0.0275321249598,0.666279388855
0.0106920599937,152.130905151,62.4187773438,0.0275733466776,0.66667328527
0.010703202337,152.298034668,62.27540625,0.0276159905715,0.667080771367
0.0107143446803,152.465179443,62.1048789063,0.0276586344653,0.667488257464
0.0107251163572,152.626739502,61.8424296875,0.0276998597475,0.667882187938
0.0107362587005,152.793884277,61.4916875,0.0277425036414,0.668289674035
0.0107470294461,152.955444336,61.1791289062,0.0277837253593,0.66868357045
0.0107581717893,153.122589111,61.1120117187,0.0278263692531,0.669091056547
0.010769315064,153.289718628,60.7145507812,0.0278690167113,0.669498576703
0.0107800858095,153.451293945,60.4437070312,0.0279102384292,0.669892473118
0.0107912290841,153.618438721,60.2381953125,0.0279576224868,0.670276283985
0.0108019998297,153.779998779,60.054859375,0.0280034224556,0.670647263733
0.0108131431043,153.947143555,59.7785703125,0.0280508065133,0.6710310746
0.0108242863789,154.11428833,59.6585976563,0.0280981905709,0.671414885467
0.0108350571245,154.275863647,59.4407773437,0.0281439905398,0.671785865214
0.0108462003991,154.443008423,59.2516953125,0.0281913745974,0.672169676081
0.0108573436737,154.610153198,59.0913007812,0.0282387586551,0.672553486948
0.0108681153506,154.771728516,58.9722265625,0.0282845625841,0.672924498773
0.0108792576939,154.938873291,58.7775976563,0.0283319426815,0.673308277562
0.0108900293708,155.100448608,58.59909375,0.0283777466106,0.673679289388
0.0109011726454,155.267593384,58.46984375,0.0283872210946,0.67403458254
0.01091231592,155.434738159,58.3125351563,0.0283966955787,0.674389875692
0.0109230875969,155.596313477,58.1202265625,0.0284058541146,0.67473332079
0.0109342308715,155.763458252,57.8795976562,0.0284153285987,0.675088613943
0.0109450025484,155.925033569,57.6790078125,0.0284244871347,0.675432059041
0.010956145823,156.092178345,57.4498828125,0.0284339616187,0.675787352193
0.0109672890976,156.25932312,57.2803867188,0.0284434361028,0.676142645346
0.0109780607745,156.420913696,57.0710195313,0.0284525946387,0.676486090444
0.0109892040491,156.588058472,56.8792382812,0.0284620691228,0.676841383596
0.0109999999404,156.75,56.5880976562,0.0284712482468,0.677185600748
